[
  {
    "id": "b13d62f0-d7fe-4dc2-9039-87e8100b4189",
    "data": [
      {
        "text": "from ",
        "userDefined": false
      },
      {
        "text": "electives",
        "alias": "electives",
        "meta": "@electives",
        "userDefined": true
      }
    ],
    "isTemplate": false,
    "count": 0,
    "updated": 0
  },
  {
    "id": "0756b50a-c23d-4c14-9515-7bc93ea5648d",
    "data": [
      {
        "text": "elective",
        "alias": "electives",
        "meta": "@electives",
        "userDefined": true
      },
      {
        "text": " module",
        "userDefined": false
      }
    ],
    "isTemplate": false,
    "count": 0,
    "updated": 0
  },
  {
    "id": "9bc7bdaf-b882-4551-8a0f-247aa9ccb578",
    "data": [
      {
        "text": "elective",
        "alias": "electives",
        "meta": "@electives",
        "userDefined": false
      }
    ],
    "isTemplate": false,
    "count": 0,
    "updated": 0
  },
  {
    "id": "fed05097-12c3-4226-b770-610569cfcda9",
    "data": [
      {
        "text": "electives",
        "alias": "electives",
        "meta": "@electives",
        "userDefined": true
      }
    ],
    "isTemplate": false,
    "count": 0,
    "updated": 0
  },
  {
    "id": "e070b01b-d992-481b-9b32-da2968190dd4",
    "data": [
      {
        "text": "Choose from ",
        "userDefined": false
      },
      {
        "text": "electives",
        "alias": "electives",
        "meta": "@electives",
        "userDefined": true
      }
    ],
    "isTemplate": false,
    "count": 0,
    "updated": 0
  },
  {
    "id": "c9adf9be-5275-4012-8b18-ebf34fd07c84",
    "data": [
      {
        "text": "botsociety_intent_electives",
        "userDefined": false
      }
    ],
    "isTemplate": false,
    "count": 0,
    "updated": 0
  }
]