[
  {
    "id": "469c0fbd-23a0-4f74-a086-bc6c39051236",
    "data": [
      {
        "text": "core modules,",
        "alias": "main_module",
        "meta": "@main_module",
        "userDefined": true
      },
      {
        "text": " please",
        "userDefined": false
      }
    ],
    "isTemplate": false,
    "count": 0,
    "updated": 0
  },
  {
    "id": "3ef0daee-be0c-447c-b9f6-680d529563bf",
    "data": [
      {
        "text": "from ",
        "userDefined": false
      },
      {
        "text": "core modules",
        "alias": "main_module",
        "meta": "@main_module",
        "userDefined": true
      }
    ],
    "isTemplate": false,
    "count": 0,
    "updated": 0
  },
  {
    "id": "75dcf0d1-6600-44e1-bf4c-cb1e7b089343",
    "data": [
      {
        "text": "from ",
        "userDefined": false
      },
      {
        "text": "main modules",
        "alias": "main_module",
        "meta": "@main_module",
        "userDefined": true
      }
    ],
    "isTemplate": false,
    "count": 0,
    "updated": 0
  },
  {
    "id": "104acdbd-49ef-40e8-843e-0e31949fa7a6",
    "data": [
      {
        "text": "core",
        "alias": "main_module",
        "meta": "@main_module",
        "userDefined": true
      }
    ],
    "isTemplate": false,
    "count": 0,
    "updated": 0
  },
  {
    "id": "07d69473-62e4-4c64-b484-11e53c92cbd9",
    "data": [
      {
        "text": "core modules",
        "alias": "main_module",
        "meta": "@main_module",
        "userDefined": true
      }
    ],
    "isTemplate": false,
    "count": 0,
    "updated": 0
  },
  {
    "id": "3451b257-cc5d-45e4-a218-df838eb8a64c",
    "data": [
      {
        "text": "main",
        "alias": "main_module",
        "meta": "@main_module",
        "userDefined": true
      }
    ],
    "isTemplate": false,
    "count": 0,
    "updated": 0
  },
  {
    "id": "a2dec8e5-59bf-4a85-8ab0-270cff194966",
    "data": [
      {
        "text": "main modules",
        "alias": "main_module",
        "meta": "@main_module",
        "userDefined": false
      }
    ],
    "isTemplate": false,
    "count": 0,
    "updated": 0
  },
  {
    "id": "02cec45c-1ba8-4e49-b388-8e597e91f78a",
    "data": [
      {
        "text": "main module",
        "alias": "main_module",
        "meta": "@main_module",
        "userDefined": true
      }
    ],
    "isTemplate": false,
    "count": 0,
    "updated": 0
  },
  {
    "id": "be15eaa3-db87-40a3-85ff-eb0e576866be",
    "data": [
      {
        "text": "Main modules",
        "alias": "main_module",
        "meta": "@main_module",
        "userDefined": true
      },
      {
        "text": ", please",
        "userDefined": false
      }
    ],
    "isTemplate": false,
    "count": 0,
    "updated": 0
  },
  {
    "id": "6386332f-c1a5-4d3d-97a9-0ae120fddabd",
    "data": [
      {
        "text": "botsociety_intent_main_module",
        "userDefined": false
      }
    ],
    "isTemplate": false,
    "count": 0,
    "updated": 0
  }
]