[
  {
    "id": "94c9a2aa-71ff-4b89-b33d-4ab82aabc5c8",
    "data": [
      {
        "text": "thank you, ",
        "userDefined": false
      },
      {
        "text": "no",
        "alias": "yes_no_response",
        "meta": "@custom",
        "userDefined": true
      }
    ],
    "isTemplate": false,
    "count": 0,
    "updated": 0
  },
  {
    "id": "9a6e2c48-9a8a-4190-854c-ab8cbb9621df",
    "data": [
      {
        "text": "not necessary",
        "alias": "yes_no_response",
        "meta": "@custom",
        "userDefined": true
      }
    ],
    "isTemplate": false,
    "count": 0,
    "updated": 0
  },
  {
    "id": "cf32c4fa-ac81-415e-bf43-03b1bf9d7bba",
    "data": [
      {
        "text": "nope",
        "alias": "yes_no_response",
        "meta": "@custom",
        "userDefined": true
      }
    ],
    "isTemplate": false,
    "count": 0,
    "updated": 0
  },
  {
    "id": "fa075174-b457-4fb4-bbff-b3d0cff21566",
    "data": [
      {
        "text": "No",
        "alias": "yes_no_response",
        "meta": "@custom",
        "userDefined": true
      },
      {
        "text": ", thanks",
        "userDefined": false
      }
    ],
    "isTemplate": false,
    "count": 0,
    "updated": 0
  },
  {
    "id": "58f6e468-bfe6-4bb3-9e09-c0728f77811b",
    "data": [
      {
        "text": "No",
        "alias": "yes_no_response",
        "meta": "@custom",
        "userDefined": true
      }
    ],
    "isTemplate": false,
    "count": 0,
    "updated": 0
  },
  {
    "id": "b714f696-7214-4ed4-99c6-e6570c3f0cf7",
    "data": [
      {
        "text": "botsociety_intent_output_electives_without_system",
        "userDefined": false
      }
    ],
    "isTemplate": false,
    "count": 0,
    "updated": 0
  }
]