[
  {
    "id": "9013b5f8-b4f7-4914-8cad-dd72676b749d",
    "data": [
      {
        "text": "Nope",
        "alias": "yes_no_response",
        "meta": "@custom",
        "userDefined": true
      }
    ],
    "isTemplate": false,
    "count": 0,
    "updated": 0
  },
  {
    "id": "befc1229-a3b8-4e26-9e14-ed9da06679b7",
    "data": [
      {
        "text": "No",
        "alias": "yes_no_response",
        "meta": "@custom",
        "userDefined": true
      },
      {
        "text": ", thanks",
        "userDefined": false
      }
    ],
    "isTemplate": false,
    "count": 0,
    "updated": 0
  },
  {
    "id": "60798b66-5a49-4fe3-9e7f-ccd1570f3c40",
    "data": [
      {
        "text": "No",
        "alias": "yes_no_response",
        "meta": "@custom",
        "userDefined": true
      }
    ],
    "isTemplate": false,
    "count": 0,
    "updated": 0
  },
  {
    "id": "d2e44fb3-ff9f-4f15-be18-f81f4105fbca",
    "data": [
      {
        "text": "botsociety_intent_output_main_without_group",
        "userDefined": false
      }
    ],
    "isTemplate": false,
    "count": 0,
    "updated": 0
  }
]